{
  "project_info": {
    "project_number": "565967965302",
    "firebase_url": "https://geofence-110ed.firebaseio.com",
    "project_id": "geofence-110ed",
    "storage_bucket": "geofence-110ed.appspot.com"
  },
  "client": [
    {
      "client_info": {
        "mobilesdk_app_id": "1:565967965302:android:dc4e55c4f3abf327",
        "android_client_info": {
          "package_name": "com.example.vineetha.androidgeofence"
        }
      },
      "oauth_client": [
        {
          "client_id": "565967965302-o3vk6ik5f7jtsicbrfqp6kqoagri6fp9.apps.googleusercontent.com",
          "client_type": 1,
          "android_info": {
            "package_name": "com.example.vineetha.androidgeofence",
            "certificate_hash": "76d0a9a8400281caa1bf94f8a90f571aa7cbb7ba"
          }
        },
        {
          "client_id": "565967965302-c3f1lmsp2q7f4m5dbf825l0cs6e5t6f0.apps.googleusercontent.com",
          "client_type": 3
        }
      ],
      "api_key": [
        {
          "current_key": "AIzaSyAV-e2o2OYEsLUmz8AWEdTPz5ILeae0uKY"
        }
      ],
      "services": {
        "analytics_service": {
          "status": 1
        },
        "appinvite_service": {
          "status": 2,
          "other_platform_oauth_client": [
            {
              "client_id": "565967965302-c3f1lmsp2q7f4m5dbf825l0cs6e5t6f0.apps.googleusercontent.com",
              "client_type": 3
            }
          ]
        },
        "ads_service": {
          "status": 2
        }
      }
    }
  ],
  "configuration_version": "1"
}